dataset,model,method,pearson,spearman,kendall,ci_low,ci_high
cifar100,resnet18,gndi,0.7489961968142737,0.7931416481091443,0.5989895335152513,0.7420219802581948,0.8358675850362252
