dataset,model,method,pearson,spearman,kendall,ci_low,ci_high
cifar100,resnet18,gndi,0.7999336449061624,0.8690481851994853,0.6919611329537964,0.8290871359346027,0.8989290492478298
