dataset,model,method,pearson,spearman,kendall,ci_low,ci_high
cifar10,resnet18,gndi,0.8220387435390855,0.8548697620804564,0.6746509683833197,0.8103271329199925,0.8878623101449653
