{
  "config": "configs/cv_resnet18_cifar10.yaml",
  "metric": "output_delta",
  "results": {
    "gndi": {
      "pearson": 0.9577749342183632,
      "spearman": 0.9814561391285238,
      "kendall": 0.9000525040498148,
      "spearman_ci": [
        0.9699081276829612,
        0.9881060045845025
      ],
      "n_common": 300
    },
    "magnitude": {
      "pearson": -0.5429382109564176,
      "spearman": -0.5058456951167084,
      "kendall": -0.35193304862369856,
      "spearman_ci": [
        -0.5836091907729298,
        -0.4175585884370526
      ],
      "n_common": 300
    },
    "snip": {
      "pearson": 0.7972226049165088,
      "spearman": 0.9051619876405783,
      "kendall": 0.7282279135228683,
      "spearman_ci": [
        0.8774342276408215,
        0.9230447825855661
      ],
      "n_common": 300
    },
    "grasp": {
      "pearson": -0.06900802800825567,
      "spearman": -0.05509439887911138,
      "kendall": -0.04014664290892846,
      "spearman_ci": [
        -0.19270676313485469,
        0.08037831467458222
      ],
      "n_common": 300
    },
    "hrank": {
      "pearson": 0.6238208525736145,
      "spearman": 0.6632466039985729,
      "kendall": 0.4782441338108523,
      "spearman_ci": [
        0.5909473824402424,
        0.7294472840177133
      ],
      "n_common": 300
    }
  }
}